<?xml version="1.0" encoding="UTF-8" standalone="yes"?>
<addon id="repository.tieu1991" name="tieu1991's repository" version="1.0" provider-name="tieu1991">
    <extension point="xbmc.addon.repository" name="tieu1991's repository">
        <dir>
            <info compressed="false">https://raw.githubusercontent.com/tieu1991/tieu1991.github.io/master/repo/zips/addons.xml</info>
            <checksum>https://raw.githubusercontent.com/tieu1991/tieu1991.github.io/master/repo/zips/addons.xml.md5</checksum>
            <datadir zip="true">https://raw.githubusercontent.com/tieu1991/tieu1991.github.io/master/repo/zips/</datadir>
        </dir>
    </extension>
    <extension point="xbmc.addon.metadata">
        <summary>tieu1991's repository</summary>
        <description>Repository fot tieu1991's kodi addons</description>
        <disclaimer></disclaimer>
        <platform>all</platform>
        <assets>
            <icon>icon.png</icon>
            <fanart>fanart.jpg</fanart>
        </assets>
    </extension>
</addon>