<?xml version="1.0" encoding="UTF-8"?>
<addon id="plugin.video.piped4kodi"
version="0.0.2"
name="Piped4Kodi"
provider-name="tieu1991">
<requires>
  <import addon="xbmc.python" version="3.0.0"/>
</requires>
<extension point="xbmc.python.pluginsource" library="main.py">
  <provides>video</provides>
</extension>
<extension point="xbmc.addon.metadata">
  <summary lang="en">Piped Plugin</summary>
  <description lang="en_GB">A piped frontend using the piped api to access youtube content for Kodi mediacenter.</description>
  <disclaimer lang="en_GB">This project and its contents are not affiliated with, funded, authorized, endorsed by, or in any way accociated with YouTube, Google LLC or any of its affiliates and subsidaries. Any trademark, service mark, trade name, or other intellectual property rights used are owned by the respective owners.</disclaimer>
  <assets>
    <icon>icon.png</icon>
    <fanart>fanart.jpg</fanart>
  </assets>
</extension>
</addon>
